﻿"INDICATOR_CODE","INDICATOR_NAME","SOURCE_NOTE","SOURCE_ORGANIZATION",
"SP.URB.TOTL.IN.ZS","Urban population (% of total population)","Urban population refers to people living in urban areas as defined by national statistical offices. The data are collected and smoothed by United Nations Population Division.","United Nations Population Division. World Urbanization Prospects: 2018 Revision.",
"SP.URB.TOTL","Urban population","Urban population refers to people living in urban areas as defined by national statistical offices. It is calculated using World Bank population estimates and urban ratios from the United Nations World Urbanization Prospects. Aggregation of urban and rural population may not add up to total population because of different country coverages.","World Bank staff estimates based on the United Nations Population Division's World Urbanization Prospects: 2018 Revision.",
"SP.URB.GROW","Urban population growth (annual %)","Urban population refers to people living in urban areas as defined by national statistical offices. It is calculated using World Bank population estimates and urban ratios from the United Nations World Urbanization Prospects.","World Bank staff estimates based on the United Nations Population Division's World Urbanization Prospects: 2018 Revision.",
"SP.POP.TOTL","Population, total","Total population is based on the de facto definition of population, which counts all residents regardless of legal status or citizenship. The values shown are midyear estimates.","(1) United Nations Population Division. World Population Prospects: 2019 Revision. (2) Census reports and other statistical publications from national statistical offices, (3) Eurostat: Demographic Statistics, (4) United Nations Statistical Division. Population and Vital Statistics Reprot (various years), (5) U.S. Census Bureau: International Database, and (6) Secretariat of the Pacific Community: Statistics and Demography Programme.",
"SP.POP.GROW","Population growth (annual %)","Annual population growth rate for year t is the exponential rate of growth of midyear population from year t-1 to t, expressed as a percentage . Population is based on the de facto definition of population, which counts all residents regardless of legal status or citizenship.","Derived from total population. Population source: (1) United Nations Population Division. World Population Prospects: 2019 Revision, (2) Census reports and other statistical publications from national statistical offices, (3) Eurostat: Demographic Statistics, (4) United Nations Statistical Division. Population and Vital Statistics Reprot (various years), (5) U.S. Census Bureau: International Database, and (6) Secretariat of the Pacific Community: Statistics and Demography Programme.",
"SI.POV.DDAY","Poverty headcount ratio at $1.90 a day (2011 PPP) (% of population)","Poverty headcount ratio at $1.90 a day is the percentage of the population living on less than $1.90 a day at 2011 international prices. As a result of revisions in PPP exchange rates, poverty rates for individual countries cannot be compared with poverty rates reported in earlier editions.","World Bank, Poverty and Inequality Platform. Data are based on primary household survey data obtained from government statistical agencies and World Bank country departments. Data for high-income economies are mostly from the Luxembourg Income Study database. For more information and methodology, please see http://pip.worldbank.org.",
"SH.STA.MALN.ZS","Prevalence of underweight, weight for age (% of children under 5)","Prevalence of underweight children is the percentage of children under age 5 whose weight for age is more than two standard deviations below the median for the international reference population ages 0-59 months. The data are based on the WHO's child growth standards released in 2006.","UNICEF, WHO, World Bank: Joint child malnutrition estimates (JME). Aggregation is based on UNICEF, WHO, and the World Bank harmonized dataset (adjusted, comparable data) and methodology.",
"SH.MED.CMHW.P3","Community health workers (per 1,000 people)","Community health workers include various types of community health aides, many with country-specific occupational titles such as community health officers, community health-education workers, family health workers, lady health visitors and health extension package workers.","World Health Organization's Global Health Workforce Statistics, OECD, supplemented by country data.",
"SH.DYN.MORT","Mortality rate, under-5 (per 1,000 live births)","Under-five mortality rate is the probability per 1,000 that a newborn baby will die before reaching age five, if subject to age-specific mortality rates of the specified year.","Estimates developed by the UN Inter-agency Group for Child Mortality Estimation (UNICEF, WHO, World Bank, UN DESA Population Division) at www.childmortality.org.",
"SE.PRM.CMPT.ZS","Primary completion rate, total (% of relevant age group)","Primary completion rate, or gross intake ratio to the last grade of primary education, is the number of new entrants (enrollments minus repeaters) in the last grade of primary education, regardless of age, divided by the population at the entrance age for the last grade of primary education. Data limitations preclude adjusting for students who drop out during the final year of primary education.","UNESCO Institute for Statistics (http://uis.unesco.org/). Data as of September 2021.",
"SE.ENR.PRSC.FM.ZS","School enrollment, primary and secondary (gross), gender parity index (GPI)","Gender parity index for gross enrollment ratio in primary and secondary education is the ratio of girls to boys enrolled at primary and secondary levels in public and private schools.","UNESCO Institute for Statistics (http://uis.unesco.org/). Data as of September 2021.",
"NV.AGR.TOTL.ZS","Agriculture, forestry, and fishing, value added (% of GDP)","Agriculture, forestry, and fishing corresponds to ISIC divisions 1-3 and includes forestry, hunting, and fishing, as well as cultivation of crops and livestock production. Value added is the net output of a sector after adding up all outputs and subtracting intermediate inputs. It is calculated without making deductions for depreciation of fabricated assets or depletion and degradation of natural resources. The origin of value added is determined by the International Standard Industrial Classification (ISIC), revision 4. Note: For VAB countries, gross value added at factor cost is used as the denominator.","World Bank national accounts data, and OECD National Accounts data files.",
"IQ.CPA.PUBS.XQ","CPIA public sector management and institutions cluster average (1=low to 6=high)","The public sector management and institutions cluster includes property rights and rule-based governance, quality of budgetary and financial management, efficiency of revenue mobilization, quality of public administration, and transparency, accountability, and corruption in the public sector.","World Bank Group, CPIA database (http://www.worldbank.org/ida).",
"IC.BUS.EASE.XQ","Ease of doing business rank (1=most business-friendly regulations)","Ease of doing business ranks economies from 1 to 190, with first place being the best. The ranking of economies is determined by sorting the aggregate ease of doing business scores. A high ranking (a low numerical rank) means that the regulatory environment is conducive to business operation.","World Bank, Doing Business project (http://www.doingbusiness.org/). NOTE: Doing Business has been discontinued as of 9/16/2021. For more information: https://bit.ly/3CLCbme",
"ER.PTD.TOTL.ZS","Terrestrial and marine protected areas (% of total territorial area)","Terrestrial protected areas are totally or partially protected areas of at least 1,000 hectares that are designated by national authorities as scientific reserves with limited public access, national parks, natural monuments, nature reserves or wildlife sanctuaries, protected landscapes, and areas managed mainly for sustainable use. Marine protected areas are areas of intertidal or subtidal terrain--and overlying water and associated flora and fauna and historical and cultural features--that have been reserved by law or other effective means to protect part or all of the enclosed environment. Sites protected under local or provincial law are excluded.","World Database on Protected Areas (WDPA) where the compilation and management is carried out by United Nations Environment World Conservation Monitoring Centre (UNEP-WCMC) in collaboration with governments, non-governmental organizations, academia and industry. The data is available online through the Protected Planet website (https://www.protectedplanet.net/).",
"ER.MRN.PTMR.ZS","Marine protected areas (% of territorial waters)","Marine protected areas are areas of intertidal or subtidal terrain--and overlying water and associated flora and fauna and historical and cultural features--that have been reserved by law or other effective means to protect part or all of the enclosed environment.","World Database on Protected Areas (WDPA) where the compilation and management is carried out by United Nations Environment World Conservation Monitoring Centre (UNEP-WCMC) in collaboration with governments, non-governmental organizations, academia and industry. The data is available online through the Protected Planet website (https://www.protectedplanet.net/).",
"ER.LND.PTLD.ZS","Terrestrial protected areas (% of total land area)","Terrestrial protected areas are totally or partially protected areas of at least 1,000 hectares that are designated by national authorities as scientific reserves with limited public access, national parks, natural monuments, nature reserves or wildlife sanctuaries, protected landscapes, and areas managed mainly for sustainable use. Marine areas, unclassified areas, littoral (intertidal) areas, and sites protected under local or provincial law are excluded.","World Database on Protected Areas (WDPA) where the compilation and management is carried out by United Nations Environment World Conservation Monitoring Centre (UNEP-WCMC) in collaboration with governments, non-governmental organizations, academia and industry. The data is available online through the Protected Planet website (https://www.protectedplanet.net/).",
"ER.H2O.FWTL.ZS","Annual freshwater withdrawals, total (% of internal resources)","Annual freshwater withdrawals refer to total water withdrawals, not counting evaporation losses from storage basins. Withdrawals also include water from desalination plants in countries where they are a significant source. Withdrawals can exceed 100 percent of total renewable resources where extraction from nonrenewable aquifers or desalination plants is considerable or where there is significant water reuse. Withdrawals for agriculture and industry are total withdrawals for irrigation and livestock production and for direct industrial use (including withdrawals for cooling thermoelectric plants). Withdrawals for domestic uses include drinking water, municipal use or supply, and use for public services, commercial establishments, and homes. Data are for the most recent year available for 1987-2002.","Food and Agriculture Organization, AQUASTAT data.",
"ER.H2O.FWTL.K3","Annual freshwater withdrawals, total (billion cubic meters)","Annual freshwater withdrawals refer to total water withdrawals, not counting evaporation losses from storage basins. Withdrawals also include water from desalination plants in countries where they are a significant source. Withdrawals can exceed 100 percent of total renewable resources where extraction from nonrenewable aquifers or desalination plants is considerable or where there is significant water reuse. Withdrawals for agriculture and industry are total withdrawals for irrigation and livestock production and for direct industrial use (including withdrawals for cooling thermoelectric plants). Withdrawals for domestic uses include drinking water, municipal use or supply, and use for public services, commercial establishments, and homes. Data are for the most recent year available for 1987-2002.","Food and Agriculture Organization, AQUASTAT data.",
"EN.URB.MCTY.TL.ZS","Population in urban agglomerations of more than 1 million (% of total population)","Population in urban agglomerations of more than one million is the percentage of a country's population living in metropolitan areas that in 2018 had a population of more than one million people.","United Nations, World Urbanization Prospects.",
"EN.POP.EL5M.ZS","Population living in areas where elevation is below 5 meters (% of total population)","Population below 5m is the percentage of the total population living in areas where the elevation is 5 meters or less.","Center for International Earth Science Information Network (CIESIN)/Columbia University. 2013. Urban-Rural Population and Land Area Estimates Version 2. Palisades, NY: NASA Socioeconomic Data and Applications Center (SEDAC). http://sedac.ciesin.columbia.edu/data/set/lecz-urban-rural-population-land-area-estimates-v2.",
"EN.POP.EL5M.UR.ZS","Urban population living in areas where elevation is below 5 meters (% of total population)","Urban population below 5m is the percentage of the total population, living in areas where the elevation is 5 meters or less.","Center for International Earth Science Information Network (CIESIN)/Columbia University. 2013. Urban-Rural Population and Land Area Estimates Version 2. Palisades, NY: NASA Socioeconomic Data and Applications Center (SEDAC). http://sedac.ciesin.columbia.edu/data/set/lecz-urban-rural-population-land-area-estimates-v2.",
"EN.POP.EL5M.RU.ZS","Rural population living in areas where elevation is below 5 meters (% of total population)","Rural population below 5m is the percentage of the total population, living in areas where the elevation is 5 meters or less.","Center for International Earth Science Information Network (CIESIN)/Columbia University. 2013. Urban-Rural Population and Land Area Estimates Version 2. Palisades, NY: NASA Socioeconomic Data and Applications Center (SEDAC). http://sedac.ciesin.columbia.edu/data/set/lecz-urban-rural-population-land-area-estimates-v2.",
"EN.CLC.MDAT.ZS","Droughts, floods, extreme temperatures (% of population, average 1990-2009)","Droughts, floods and extreme temperatures is the annual average percentage of the population that is affected by natural disasters classified as either droughts, floods, or extreme temperature events. A drought is an extended period of time characterized by a deficiency in a region's water supply that is the result of constantly below average precipitation. A drought can lead to losses to agriculture, affect inland navigation and hydropower plants, and cause a lack of drinking water and famine. A flood is a significant rise of water level in a stream, lake, reservoir or coastal region. Extreme temperature events are either cold waves or heat waves. A cold wave can be both a prolonged period of excessively cold weather and the sudden invasion of very cold air over a large area. Along with frost it can cause damage to agriculture, infrastructure, and property. A heat wave is a prolonged period of excessively hot and sometimes also humid weather relative to normal climate patterns of a certain region. Population affected is the number of people injured, left homeless or requiring immediate assistance during a period of emergency resulting from a natural disaster; it can also include displaced or evacuated people. Average percentage of population affected is calculated by dividing the sum of total affected for the period stated by the sum of the annual population figures for the period stated.","EM-DAT: The OFDA/CRED International Disaster Database: www.emdat.be, Université Catholique de Louvain, Brussels (Belgium), World Bank.",
"EN.CLC.GHGR.MT.CE","GHG net emissions/removals by LUCF (Mt of CO2 equivalent)","GHG net emissions/removals by LUCF refers to changes in atmospheric levels of all greenhouse gases attributable to forest and land-use change activities, including but not limited to (1) emissions and removals of CO2 from decreases or increases in biomass stocks due to forest management, logging, fuelwood collection, etc.; (2) conversion of existing forests and natural grasslands to other land uses; (3) removal of CO2 from the abandonment of formerly managed lands (e.g. croplands and pastures); and (4) emissions and removals of CO2 in soil associated with land-use change and management. For Annex-I countries under the UNFCCC, these data are drawn from the annual GHG inventories submitted to the UNFCCC by each country; for non-Annex-I countries, data are drawn from the most recently submitted National Communication where available. Because of differences in reporting years and methodologies, these data are not generally considered comparable across countries. Data are in million metric tons.","United Nations Framework Convention on Climate Change.",
"EN.CLC.DRSK.XQ","Disaster risk reduction progress score (1-5 scale; 5=best)","Disaster risk reduction progress score is an average of self-assessment scores, ranging from 1 to 5, submitted by countries under Priority 1 of the Hyogo Framework National Progress Reports. The Hyogo Framework is a global blueprint for disaster risk reduction efforts that was adopted by 168 countries in 2005. Assessments of ""Priority 1"" include four indicators that reflect the degree to which countries have prioritized disaster risk reduction and the strengthening of relevant institutions.","(UNISDR, 2009-2011 Progress Reports, http://www.preventionweb.net/english/hyogo).",
"EN.ATM.SF6G.KT.CE","SF6 gas emissions (thousand metric tons of CO2 equivalent)","Sulfur hexafluoride is used largely to insulate high-voltage electric power equipment.","European Commission, Joint Research Centre (JRC)/Netherlands Environmental Assessment Agency (PBL). Emission Database for Global Atmospheric Research (EDGAR): http://edgar.jrc.ec.europa.eu/",
"EN.ATM.PFCG.KT.CE","PFC gas emissions (thousand metric tons of CO2 equivalent)","Perfluorocarbons, used as a replacement for chlorofluorocarbons in manufacturing semiconductors, are a byproduct of aluminum smelting and uranium enrichment.","European Commission, Joint Research Centre (JRC)/Netherlands Environmental Assessment Agency (PBL). Emission Database for Global Atmospheric Research (EDGAR): http://edgar.jrc.ec.europa.eu/",
"EN.ATM.NOXE.ZG","Nitrous oxide emissions (% change from 1990)","Nitrous oxide emissions are emissions from agricultural biomass burning, industrial activities, and livestock management. Each year of data shows the percentage change to that year from 1990.","World Bank staff estimates from original source: European Commission, Joint Research Centre (JRC)/Netherlands Environmental Assessment Agency (PBL). Emission Database for Global Atmospheric Research (EDGAR): http://edgar.jrc.ec.europa.eu/.",
"EN.ATM.NOXE.KT.CE","Nitrous oxide emissions (thousand metric tons of CO2 equivalent)","Nitrous oxide emissions are emissions from agricultural biomass burning, industrial activities, and livestock management.","Data for up to 1990 are sourced from Carbon Dioxide Information Analysis Center, Environmental Sciences Division, Oak Ridge National Laboratory, Tennessee, United States. Data from 1990 are CAIT data: Climate Watch. 2020. GHG Emissions. Washington, DC: World Resources Institute. Available at: https://www.climatewatchdata.org/ghg-emissions.",
"EN.ATM.METH.ZG","Methane emissions (% change from 1990)","Methane emissions are those stemming from human activities such as agriculture and from industrial methane production. Each year of data shows the percentage change to that year from 1990.","World Bank staff estimates from original source: European Commission, Joint Research Centre (JRC)/Netherlands Environmental Assessment Agency (PBL). Emission Database for Global Atmospheric Research (EDGAR): http://edgar.jrc.ec.europa.eu/.",
"EN.ATM.METH.KT.CE","Methane emissions (kt of CO2 equivalent)","Methane emissions are those stemming from human activities such as agriculture and from industrial methane production.","Data for up to 1990 are sourced from Carbon Dioxide Information Analysis Center, Environmental Sciences Division, Oak Ridge National Laboratory, Tennessee, United States. Data from 1990 are CAIT data: Climate Watch. 2020. GHG Emissions. Washington, DC: World Resources Institute. Available at: https://www.climatewatchdata.org/ghg-emissions.",
"EN.ATM.HFCG.KT.CE","HFC gas emissions (thousand metric tons of CO2 equivalent)","Hydrofluorocarbons, used as a replacement for chlorofluorocarbons, are used mainly in refrigeration and semiconductor manufacturing.","European Commission, Joint Research Centre (JRC)/Netherlands Environmental Assessment Agency (PBL). Emission Database for Global Atmospheric Research (EDGAR): http://edgar.jrc.ec.europa.eu/",
"EN.ATM.GHGT.ZG","Total greenhouse gas emissions (% change from 1990)","Total greenhouse gas emissions are composed of CO2 totals excluding short-cycle biomass burning (such as agricultural waste burning and savanna burning) but including other biomass burning (such as forest fires, post-burn decay, peat fires and decay of drained peatlands), all anthropogenic CH4 sources, N2O sources and F-gases (HFCs, PFCs and SF6). Each year of data shows the percentage change to that year from 1990.","World Bank staff estimates from original source: European Commission, Joint Research Centre (JRC)/Netherlands Environmental Assessment Agency (PBL). Emission Database for Global Atmospheric Research (EDGAR): http://edgar.jrc.ec.europa.eu/.",
"EN.ATM.GHGT.KT.CE","Total greenhouse gas emissions (kt of CO2 equivalent)","Total greenhouse gas emissions in kt of CO2 equivalent are composed of CO2 totals excluding short-cycle biomass burning (such as agricultural waste burning and savanna burning) but including other biomass burning (such as forest fires, post-burn decay, peat fires and decay of drained peatlands), all anthropogenic CH4 sources, N2O sources and F-gases (HFCs, PFCs and SF6).","Data for up to 1990 are sourced from Carbon Dioxide Information Analysis Center, Environmental Sciences Division, Oak Ridge National Laboratory, Tennessee, United States. Data from 1990 are CAIT data: Climate Watch. 2020. GHG Emissions. Washington, DC: World Resources Institute. Available at: https://www.climatewatchdata.org/ghg-emissions.",
"EN.ATM.GHGO.ZG","Other greenhouse gas emissions (% change from 1990)","Other greenhouse gas emissions are by-product emissions of hydrofluorocarbons, perfluorocarbons, and sulfur hexafluoride. Each year of data shows the percentage change to that year from 1990.","World Bank staff estimates from original source: European Commission, Joint Research Centre (JRC)/Netherlands Environmental Assessment Agency (PBL). Emission Database for Global Atmospheric Research (EDGAR): http://edgar.jrc.ec.europa.eu/.",
"EN.ATM.GHGO.KT.CE","Other greenhouse gas emissions, HFC, PFC and SF6 (thousand metric tons of CO2 equivalent)","Other greenhouse gas emissions are by-product emissions of hydrofluorocarbons, perfluorocarbons, and sulfur hexafluoride.","World Bank staff estimates from original source: European Commission, Joint Research Centre (JRC)/Netherlands Environmental Assessment Agency (PBL). Emission Database for Global Atmospheric Research (EDGAR): http://edgar.jrc.ec.europa.eu/.",
"EN.ATM.CO2E.SF.ZS","CO2 emissions from solid fuel consumption (% of total)","Carbon dioxide emissions from solid fuel consumption refer mainly to emissions from use of coal as an energy source.","Carbon Dioxide Information Analysis Center, Environmental Sciences Division, Oak Ridge National Laboratory, Tennessee, United States.",
"EN.ATM.CO2E.SF.KT","CO2 emissions from solid fuel consumption (kt) ","Carbon dioxide emissions from solid fuel consumption refer mainly to emissions from use of coal as an energy source.","Carbon Dioxide Information Analysis Center, Environmental Sciences Division, Oak Ridge National Laboratory, Tennessee, United States.",
"EN.ATM.CO2E.PP.GD.KD","CO2 emissions (kg per 2017 PPP $ of GDP)","Carbon dioxide emissions are those stemming from the burning of fossil fuels and the manufacture of cement. They include carbon dioxide produced during consumption of solid, liquid, and gas fuels and gas flaring.","Data for up to 1990 are sourced from Carbon Dioxide Information Analysis Center, Environmental Sciences Division, Oak Ridge National Laboratory, Tennessee, United States. Data from 1990 are CAIT data: Climate Watch. 2020. GHG Emissions. Washington, DC: World Resources Institute. Available at: https://www.climatewatchdata.org/ghg-emissions. See NY.GDP.MKTP.PP.KD for the denominator's source.",
"EN.ATM.CO2E.PP.GD","CO2 emissions (kg per PPP $ of GDP)","Carbon dioxide emissions are those stemming from the burning of fossil fuels and the manufacture of cement. They include carbon dioxide produced during consumption of solid, liquid, and gas fuels and gas flaring.","Data for up to 1990 are sourced from Carbon Dioxide Information Analysis Center, Environmental Sciences Division, Oak Ridge National Laboratory, Tennessee, United States. Data from 1990 are CAIT data: Climate Watch. 2020. GHG Emissions. Washington, DC: World Resources Institute. Available at: https://www.climatewatchdata.org/ghg-emissions. See NY.GDP.MKTP.PP.CD for the denominator's source.",
"EN.ATM.CO2E.PC","CO2 emissions (metric tons per capita)","Carbon dioxide emissions are those stemming from the burning of fossil fuels and the manufacture of cement. They include carbon dioxide produced during consumption of solid, liquid, and gas fuels and gas flaring.","Data for up to 1990 are sourced from Carbon Dioxide Information Analysis Center, Environmental Sciences Division, Oak Ridge National Laboratory, Tennessee, United States. Data from 1990 are CAIT data: Climate Watch. 2020. GHG Emissions. Washington, DC: World Resources Institute. Available at: https://www.climatewatchdata.org/ghg-emissions. See SP.POP.TOTL for the denominator's source.",
"EN.ATM.CO2E.LF.ZS","CO2 emissions from liquid fuel consumption (% of total) ","Carbon dioxide emissions from liquid fuel consumption refer mainly to emissions from use of petroleum-derived fuels as an energy source.","Carbon Dioxide Information Analysis Center, Environmental Sciences Division, Oak Ridge National Laboratory, Tennessee, United States.",
"EN.ATM.CO2E.LF.KT","CO2 emissions from liquid fuel consumption (kt) ","Carbon dioxide emissions from liquid fuel consumption refer mainly to emissions from use of petroleum-derived fuels as an energy source.","Carbon Dioxide Information Analysis Center, Environmental Sciences Division, Oak Ridge National Laboratory, Tennessee, United States.",
"EN.ATM.CO2E.KT","CO2 emissions (kt)","Carbon dioxide emissions are those stemming from the burning of fossil fuels and the manufacture of cement. They include carbon dioxide produced during consumption of solid, liquid, and gas fuels and gas flaring.","Data for up to 1990 are sourced from Carbon Dioxide Information Analysis Center, Environmental Sciences Division, Oak Ridge National Laboratory, Tennessee, United States. Data from 1990 are CAIT data: Climate Watch. 2020. GHG Emissions. Washington, DC: World Resources Institute. Available at: https://www.climatewatchdata.org/ghg-emissions.",
"EN.ATM.CO2E.KD.GD","CO2 emissions (kg per 2015 US$ of GDP)","Carbon dioxide emissions are those stemming from the burning of fossil fuels and the manufacture of cement. They include carbon dioxide produced during consumption of solid, liquid, and gas fuels and gas flaring.","Data for up to 1990 are sourced from Carbon Dioxide Information Analysis Center, Environmental Sciences Division, Oak Ridge National Laboratory, Tennessee, United States. Data from 1990 are CAIT data: Climate Watch. 2020. GHG Emissions. Washington, DC: World Resources Institute. Available at: https://www.climatewatchdata.org/ghg-emissions. See NY.GDP.MKTP.KD for the denominator's source.",
"EN.ATM.CO2E.GF.ZS","CO2 emissions from gaseous fuel consumption (% of total) ","Carbon dioxide emissions from liquid fuel consumption refer mainly to emissions from use of natural gas as an energy source.","Carbon Dioxide Information Analysis Center, Environmental Sciences Division, Oak Ridge National Laboratory, Tennessee, United States.",
"EN.ATM.CO2E.GF.KT","CO2 emissions from gaseous fuel consumption (kt) ","Carbon dioxide emissions from liquid fuel consumption refer mainly to emissions from use of natural gas as an energy source.","Carbon Dioxide Information Analysis Center, Environmental Sciences Division, Oak Ridge National Laboratory, Tennessee, United States.",
"EN.ATM.CO2E.EG.ZS","CO2 intensity (kg per kg of oil equivalent energy use)","Carbon dioxide emissions from solid fuel consumption refer mainly to emissions from use of coal as an energy source.","Carbon Dioxide Information Analysis Center, Environmental Sciences Division, Oak Ridge National Laboratory, Tennessee, United States.",
"EG.USE.PCAP.KG.OE","Energy use (kg of oil equivalent per capita)","Energy use refers to use of primary energy before transformation to other end-use fuels, which is equal to indigenous production plus imports and stock changes, minus exports and fuels supplied to ships and aircraft engaged in international transport.","IEA Statistics © OECD/IEA 2014 (http://www.iea.org/stats/index.asp), subject to https://www.iea.org/t&c/termsandconditions/",
"EG.USE.ELEC.KH.PC","Electric power consumption (kWh per capita)","Electric power consumption measures the production of power plants and combined heat and power plants less transmission, distribution, and transformation losses and own use by heat and power plants.","IEA Statistics © OECD/IEA 2014 (http://www.iea.org/stats/index.asp), subject to https://www.iea.org/t&c/termsandconditions/",
"EG.USE.COMM.GD.PP.KD","Energy use (kg of oil equivalent) per $1,000 GDP (constant 2017 PPP)","Energy use per PPP GDP is the kilogram of oil equivalent of energy use per constant PPP GDP. Energy use refers to use of primary energy before transformation to other end-use fuels, which is equal to indigenous production plus imports and stock changes, minus exports and fuels supplied to ships and aircraft engaged in international transport. PPP GDP is gross domestic product converted to 2017 constant international dollars using purchasing power parity rates. An international dollar has the same purchasing power over GDP as a U.S. dollar has in the United States.","IEA Statistics © OECD/IEA 2014 (http://www.iea.org/stats/index.asp), subject to https://www.iea.org/t&c/termsandconditions/",
"EG.FEC.RNEW.ZS","Renewable energy consumption (% of total final energy consumption)","Renewable energy consumption is the share of renewables energy in total final energy consumption.","World Bank, Sustainable Energy for All (SE4ALL) database from the SE4ALL Global Tracking Framework led jointly by the World Bank, International Energy Agency, and the Energy Sector Management Assistance Program.",
"EG.ELC.RNWX.ZS","Electricity production from renewable sources, excluding hydroelectric (% of total)","Electricity production from renewable sources, excluding hydroelectric, includes geothermal, solar, tides, wind, biomass, and biofuels.","IEA Statistics © OECD/IEA 2014 (http://www.iea.org/stats/index.asp), subject to https://www.iea.org/t&c/termsandconditions/",
"EG.ELC.RNWX.KH","Electricity production from renewable sources, excluding hydroelectric (kWh)","Electricity production from renewable sources, excluding hydroelectric, includes geothermal, solar, tides, wind, biomass, and biofuels.","IEA Statistics © OECD/IEA 2014 (http://www.iea.org/stats/index.asp), subject to https://www.iea.org/t&c/termsandconditions/",
"EG.ELC.RNEW.ZS","Renewable electricity output (% of total electricity output)","Renewable electricity is the share of electrity generated by renewable power plants in total electricity generated by all types of plants.","IEA Statistics © OECD/IEA 2018 (http://www.iea.org/stats/index.asp), subject to https://www.iea.org/t&c/termsandconditions/",
"EG.ELC.PETR.ZS","Electricity production from oil sources (% of total)","Sources of electricity refer to the inputs used to generate electricity. Oil refers to crude oil and petroleum products.","IEA Statistics © OECD/IEA 2014 (http://www.iea.org/stats/index.asp), subject to https://www.iea.org/t&c/termsandconditions/",
"EG.ELC.NUCL.ZS","Electricity production from nuclear sources (% of total)","Sources of electricity refer to the inputs used to generate electricity. Nuclear power refers to electricity produced by nuclear power plants.","IEA Statistics © OECD/IEA 2014 (http://www.iea.org/stats/index.asp), subject to https://www.iea.org/t&c/termsandconditions/",
"EG.ELC.NGAS.ZS","Electricity production from natural gas sources (% of total)","Sources of electricity refer to the inputs used to generate electricity. Gas refers to natural gas but excludes natural gas liquids.","IEA Statistics © OECD/IEA 2014 (http://www.iea.org/stats/index.asp), subject to https://www.iea.org/t&c/termsandconditions/",
"EG.ELC.HYRO.ZS","Electricity production from hydroelectric sources (% of total)","Sources of electricity refer to the inputs used to generate electricity. Hydropower refers to electricity produced by hydroelectric power plants.","IEA Statistics © OECD/IEA 2014 (http://www.iea.org/stats/index.asp), subject to https://www.iea.org/t&c/termsandconditions/",
"EG.ELC.COAL.ZS","Electricity production from coal sources (% of total)","Sources of electricity refer to the inputs used to generate electricity. Coal refers to all coal and brown coal, both primary (including hard coal and lignite-brown coal) and derived fuels (including patent fuel, coke oven coke, gas coke, coke oven gas, and blast furnace gas). Peat is also included in this category.","IEA Statistics © OECD/IEA 2014 (http://www.iea.org/stats/index.asp), subject to https://www.iea.org/t&c/termsandconditions/",
"EG.ELC.ACCS.ZS","Access to electricity (% of population)","Access to electricity is the percentage of population with access to electricity. Electrification data are collected from industry, national surveys and international sources.","World Bank Global Electrification Database from ""Tracking SDG 7: The Energy Progress Report"" led jointly by the custodian agencies: the International Energy Agency (IEA), the International Renewable Energy Agency (IRENA), the United Nations Statistics Division (UNSD), the World Bank and the World Health Organization (WHO).",
"BX.KLT.DINV.WD.GD.ZS","Foreign direct investment, net inflows (% of GDP)","Foreign direct investment are the net inflows of investment to acquire a lasting management interest (10 percent or more of voting stock) in an enterprise operating in an economy other than that of the investor. It is the sum of equity capital, reinvestment of earnings, other long-term capital, and short-term capital as shown in the balance of payments. This series shows net inflows (new investment inflows less disinvestment) in the reporting economy from foreign investors, and is divided by GDP.","International Monetary Fund, International Financial Statistics and Balance of Payments databases, World Bank, International Debt Statistics, and World Bank and OECD GDP estimates.",
"AG.YLD.CREL.KG","Cereal yield (kg per hectare)","Cereal yield, measured as kilograms per hectare of harvested land, includes wheat, rice, maize, barley, oats, rye, millet, sorghum, buckwheat, and mixed grains. Production data on cereals relate to crops harvested for dry grain only. Cereal crops harvested for hay or harvested green for food, feed, or silage and those used for grazing are excluded. The FAO allocates production data to the calendar year in which the bulk of the harvest took place. Most of a crop harvested near the end of a year will be used in the following year.","Food and Agriculture Organization, electronic files and web site.",
"AG.LND.PRCP.MM","Average precipitation in depth (mm per year)","Average precipitation is the long-term average in depth (over space and time) of annual precipitation in the country. Precipitation is defined as any kind of water that falls from clouds as a liquid or a solid.","Food and Agriculture Organization, electronic files and web site.",
"AG.LND.IRIG.AG.ZS","Agricultural irrigated land (% of total agricultural land)","Agricultural irrigated land refers to agricultural areas purposely provided with water, including land irrigated by controlled flooding.","Food and Agriculture Organization, electronic files and web site.",
"AG.LND.FRST.ZS","Forest area (% of land area)","Forest area is land under natural or planted stands of trees of at least 5 meters in situ, whether productive or not, and excludes tree stands in agricultural production systems (for example, in fruit plantations and agroforestry systems) and trees in urban parks and gardens.","Food and Agriculture Organization, electronic files and web site.",
"AG.LND.FRST.K2","Forest area (sq. km)","Forest area is land under natural or planted stands of trees of at least 5 meters in situ, whether productive or not, and excludes tree stands in agricultural production systems (for example, in fruit plantations and agroforestry systems) and trees in urban parks and gardens.","Food and Agriculture Organization, electronic files and web site.",
"AG.LND.EL5M.ZS","Land area where elevation is below 5 meters (% of total land area)","Land area below 5m is the percentage of total land where the elevation is 5 meters or less.","Center for International Earth Science Information Network (CIESIN)/Columbia University. 2013. Urban-Rural Population and Land Area Estimates Version 2. Palisades, NY: NASA Socioeconomic Data and Applications Center (SEDAC). http://sedac.ciesin.columbia.edu/data/set/lecz-urban-rural-population-land-area-estimates-v2.",
"AG.LND.EL5M.UR.ZS","Urban land area where elevation is below 5 meters (% of total land area)","Urban land area below 5m is the percentage of total land where the urban land elevation is 5 meters or less.","Center for International Earth Science Information Network (CIESIN)/Columbia University. 2013. Urban-Rural Population and Land Area Estimates Version 2. Palisades, NY: NASA Socioeconomic Data and Applications Center (SEDAC). http://sedac.ciesin.columbia.edu/data/set/lecz-urban-rural-population-land-area-estimates-v2.",
"AG.LND.EL5M.UR.K2","Urban land area where elevation is below 5 meters (sq. km)","Urban land area below 5m is the total urban land area in square kilometers where the elevation is 5 meters or less.","Center for International Earth Science Information Network (CIESIN)/Columbia University. 2013. Urban-Rural Population and Land Area Estimates Version 2. Palisades, NY: NASA Socioeconomic Data and Applications Center (SEDAC). http://sedac.ciesin.columbia.edu/data/set/lecz-urban-rural-population-land-area-estimates-v2.",
"AG.LND.EL5M.RU.ZS","Rural land area where elevation is below 5 meters (% of total land area)","Rural land area below 5m is the percentage of total land where the rural land elevation is 5 meters or less.","Center for International Earth Science Information Network (CIESIN)/Columbia University. 2013. Urban-Rural Population and Land Area Estimates Version 2. Palisades, NY: NASA Socioeconomic Data and Applications Center (SEDAC). http://sedac.ciesin.columbia.edu/data/set/lecz-urban-rural-population-land-area-estimates-v2.",
"AG.LND.EL5M.RU.K2","Rural land area where elevation is below 5 meters (sq. km)","Rural land area below 5m is the total rural land area in square kilometers where the elevation is 5 meters or less.","Center for International Earth Science Information Network (CIESIN)/Columbia University. 2013. Urban-Rural Population and Land Area Estimates Version 2. Palisades, NY: NASA Socioeconomic Data and Applications Center (SEDAC). http://sedac.ciesin.columbia.edu/data/set/lecz-urban-rural-population-land-area-estimates-v2.",
"AG.LND.ARBL.ZS","Arable land (% of land area)","Arable land includes land defined by the FAO as land under temporary crops (double-cropped areas are counted once), temporary meadows for mowing or for pasture, land under market or kitchen gardens, and land temporarily fallow. Land abandoned as a result of shifting cultivation is excluded.","Food and Agriculture Organization, electronic files and web site.",
"AG.LND.AGRI.ZS","Agricultural land (% of land area)","Agricultural land refers to the share of land area that is arable, under permanent crops, and under permanent pastures. Arable land includes land defined by the FAO as land under temporary crops (double-cropped areas are counted once), temporary meadows for mowing or for pasture, land under market or kitchen gardens, and land temporarily fallow. Land abandoned as a result of shifting cultivation is excluded. Land under permanent crops is land cultivated with crops that occupy the land for long periods and need not be replanted after each harvest, such as cocoa, coffee, and rubber. This category includes land under flowering shrubs, fruit trees, nut trees, and vines, but excludes land under trees grown for wood or timber. Permanent pasture is land used for five or more years for forage, including natural and cultivated crops.","Food and Agriculture Organization, electronic files and web site.",
"AG.LND.AGRI.K2","Agricultural land (sq. km)","Agricultural land refers to the share of land area that is arable, under permanent crops, and under permanent pastures. Arable land includes land defined by the FAO as land under temporary crops (double-cropped areas are counted once), temporary meadows for mowing or for pasture, land under market or kitchen gardens, and land temporarily fallow. Land abandoned as a result of shifting cultivation is excluded. Land under permanent crops is land cultivated with crops that occupy the land for long periods and need not be replanted after each harvest, such as cocoa, coffee, and rubber. This category includes land under flowering shrubs, fruit trees, nut trees, and vines, but excludes land under trees grown for wood or timber. Permanent pasture is land used for five or more years for forage, including natural and cultivated crops.","Food and Agriculture Organization, electronic files and web site.",
